location,checkout,dairy,drinks,fruit,spices
entrance,0.380787537862397,0.15534400692341,0.138900908697534,0.183470359151882,0.141497187364777
dairy,0.243300423131171,0.205218617771509,0.14950634696756,0.235543018335684,0.166431593794076
drinks,0.316981132075472,0.199056603773585,0.133018867924528,0.210377358490566,0.140566037735849
fruit,0.251063829787234,0.209118541033435,0.137386018237082,0.235866261398176,0.166565349544073
spices,0.289270386266094,0.182832618025751,0.137339055793991,0.236051502145923,0.15450643776824
